{
    "checkpoint": {
        "hash": "3838714f087ca04b44470545eb260ffd",
        "rf_weight_id": 0
    },
    "timings": {
        "cov_coeffs": 377.54109035700094,
        "solve": 0.003571765962988138
    },
    "metrics": {
        "train": {
            "energy_MAE": 50.259712800256935,
            "forces_MAE": 29.181836246851073,
            "energy_RMSE": 105.9132269768283,
            "forces_RMSE": 41.151602510783775,
            "forces_cosim": 0.9926245286690062
        },
        "validation": {
            "energy_MAE": 54.821734777288256,
            "forces_MAE": 29.16354168483189,
            "energy_RMSE": 113.06023513876472,
            "forces_RMSE": 40.46137762655017,
            "forces_cosim": 0.9926292930330549
        }
    },
    "hyperparameters": {
        "franken": {
            "path_or_id": "MACE-L0",
            "interaction_block": 2,
            "family": "mace"
        },
        "random_features": {
            "rf_type": "gaussian",
            "num_random_features": 2048,
            "length_scale": 6.0,
            "use_offset": true,
            "rng_seed": 42
        },
        "input_scaler": {
            "scale_by_Z": true
        },
        "solver": {
            "force_weight": 0.5,
            "l2_penalty": 9.999999999999999e-11,
            "dtype": "torch.float64"
        }
    }
}