{
    "checkpoint": {
        "hash": "fbf4e2fc3cac011e9c0687872e3a48fa",
        "rf_weight_id": 0
    },
    "timings": {
        "cov_coeffs": 402.09972773795016,
        "solve": 0.0017411380540579557
    },
    "metrics": {
        "train": {
            "energy_MAE": 56.63925915814865,
            "forces_MAE": 28.631356627176825,
            "energy_RMSE": 114.78343785086591,
            "forces_RMSE": 40.31809065519597,
            "forces_cosim": 0.9925967802841698
        },
        "validation": {
            "energy_MAE": 59.13466867971709,
            "forces_MAE": 28.619812806447346,
            "energy_RMSE": 118.05413174558488,
            "forces_RMSE": 39.78537252834289,
            "forces_cosim": 0.9932791408565309
        }
    },
    "hyperparameters": {
        "franken": {
            "path_or_id": "MACE-L0",
            "interaction_block": 2,
            "family": "mace"
        },
        "random_features": {
            "rf_type": "gaussian",
            "num_random_features": 1024,
            "length_scale": 8.0,
            "use_offset": true,
            "rng_seed": 42
        },
        "input_scaler": {
            "scale_by_Z": true
        },
        "solver": {
            "force_weight": 0.5,
            "l2_penalty": 9.999999999999999e-11,
            "dtype": "torch.float64"
        }
    }
}