{
    "checkpoint": {
        "hash": "fbf4e2fc3cac011e9c0687872e3a48fa",
        "rf_weight_id": 0
    },
    "timings": {
        "cov_coeffs": 393.330838180962,
        "solve": 0.0017158749978989363
    },
    "metrics": {
        "train": {
            "energy_MAE": 56.83810004800827,
            "forces_MAE": 29.844599881218475,
            "energy_RMSE": 115.85788932308922,
            "forces_RMSE": 42.05605147328875,
            "forces_cosim": 0.9924993847759025
        },
        "validation": {
            "energy_MAE": 56.09135051031558,
            "forces_MAE": 30.694724877675373,
            "energy_RMSE": 117.54190130971833,
            "forces_RMSE": 43.73988128583803,
            "forces_cosim": 0.9921299500597848
        }
    },
    "hyperparameters": {
        "franken": {
            "path_or_id": "MACE-L0",
            "interaction_block": 2,
            "family": "mace"
        },
        "random_features": {
            "rf_type": "gaussian",
            "num_random_features": 1024,
            "length_scale": 8.0,
            "use_offset": true,
            "rng_seed": 42
        },
        "input_scaler": {
            "scale_by_Z": true
        },
        "solver": {
            "force_weight": 0.5,
            "l2_penalty": 9.999999999999999e-11,
            "dtype": "torch.float64"
        }
    }
}