{
    "checkpoint": {
        "hash": "3838714f087ca04b44470545eb260ffd",
        "rf_weight_id": 0
    },
    "timings": {
        "cov_coeffs": 385.78673486295156,
        "solve": 0.0035414269659668207
    },
    "metrics": {
        "train": {
            "energy_MAE": 45.799247716028056,
            "forces_MAE": 26.73766434591923,
            "energy_RMSE": 98.70441808150929,
            "forces_RMSE": 37.29021253778325,
            "forces_cosim": 0.9932012865988261
        },
        "validation": {
            "energy_MAE": 72.69609569708868,
            "forces_MAE": 26.786046504974365,
            "energy_RMSE": 153.20221469433997,
            "forces_RMSE": 37.31081086845056,
            "forces_cosim": 0.9933274057176378
        }
    },
    "hyperparameters": {
        "franken": {
            "path_or_id": "MACE-L0",
            "interaction_block": 2,
            "family": "mace"
        },
        "random_features": {
            "rf_type": "gaussian",
            "num_random_features": 2048,
            "length_scale": 6.0,
            "use_offset": true,
            "rng_seed": 42
        },
        "input_scaler": {
            "scale_by_Z": true
        },
        "solver": {
            "force_weight": 0.5,
            "l2_penalty": 9.999999999999999e-11,
            "dtype": "torch.float64"
        }
    }
}