{
    "checkpoint": {
        "hash": "3838714f087ca04b44470545eb260ffd",
        "rf_weight_id": 0
    },
    "timings": {
        "cov_coeffs": 393.9519162460929,
        "solve": 0.003521025995723903
    },
    "metrics": {
        "train": {
            "energy_MAE": 52.76112212147149,
            "forces_MAE": 28.55030167218551,
            "energy_RMSE": 109.06871601455616,
            "forces_RMSE": 39.66446121512818,
            "forces_cosim": 0.9928854437707697
        },
        "validation": {
            "energy_MAE": 51.20730296089726,
            "forces_MAE": 30.37940290239122,
            "energy_RMSE": 110.43577138217199,
            "forces_RMSE": 44.100913033247245,
            "forces_cosim": 0.9917400313748254
        }
    },
    "hyperparameters": {
        "franken": {
            "path_or_id": "MACE-L0",
            "interaction_block": 2,
            "family": "mace"
        },
        "random_features": {
            "rf_type": "gaussian",
            "num_random_features": 2048,
            "length_scale": 6.0,
            "use_offset": true,
            "rng_seed": 42
        },
        "input_scaler": {
            "scale_by_Z": true
        },
        "solver": {
            "force_weight": 0.5,
            "l2_penalty": 9.999999999999999e-11,
            "dtype": "torch.float64"
        }
    }
}