{
    "checkpoint": {
        "hash": "3838714f087ca04b44470545eb260ffd",
        "rf_weight_id": 0
    },
    "timings": {
        "cov_coeffs": 412.6333877569996,
        "solve": 0.0035207929322496057
    },
    "metrics": {
        "train": {
            "energy_MAE": 59.52552660977449,
            "forces_MAE": 27.325324793181352,
            "energy_RMSE": 116.78030737547739,
            "forces_RMSE": 37.62000151827203,
            "forces_cosim": 0.9929473465709595
        },
        "validation": {
            "energy_MAE": 36.759153183461336,
            "forces_MAE": 28.78897370232476,
            "energy_RMSE": 39.68083346309837,
            "forces_RMSE": 41.02949390175013,
            "forces_cosim": 0.9926782184176974
        }
    },
    "hyperparameters": {
        "franken": {
            "path_or_id": "MACE-L0",
            "interaction_block": 2,
            "family": "mace"
        },
        "random_features": {
            "rf_type": "gaussian",
            "num_random_features": 2048,
            "length_scale": 6.0,
            "use_offset": true,
            "rng_seed": 42
        },
        "input_scaler": {
            "scale_by_Z": true
        },
        "solver": {
            "force_weight": 0.5,
            "l2_penalty": 9.999999999999999e-11,
            "dtype": "torch.float64"
        }
    }
}