{
    "checkpoint": {
        "hash": "c04b91a30dbd4a99eda05c3cf2bc708c",
        "rf_weight_id": 0
    },
    "timings": {
        "cov_coeffs": 404.01732332992833,
        "solve": 0.0035421570064499974
    },
    "metrics": {
        "train": {
            "energy_MAE": 58.675754873109675,
            "forces_MAE": 25.31089895878112,
            "energy_RMSE": 116.59822247718999,
            "forces_RMSE": 35.177579231832226,
            "forces_cosim": 0.9937496330749476
        },
        "validation": {
            "energy_MAE": 44.248237969587876,
            "forces_MAE": 26.63857873280843,
            "energy_RMSE": 85.10707599191954,
            "forces_RMSE": 38.3242382809964,
            "forces_cosim": 0.9924411045180427
        }
    },
    "hyperparameters": {
        "franken": {
            "path_or_id": "MACE-L0",
            "interaction_block": 2,
            "family": "mace"
        },
        "random_features": {
            "rf_type": "gaussian",
            "num_random_features": 2048,
            "length_scale": 8.0,
            "use_offset": true,
            "rng_seed": 42
        },
        "input_scaler": {
            "scale_by_Z": true
        },
        "solver": {
            "force_weight": 0.5,
            "l2_penalty": 9.999999999999999e-11,
            "dtype": "torch.float64"
        }
    }
}