{
    "checkpoint": {
        "hash": "3838714f087ca04b44470545eb260ffd",
        "rf_weight_id": 0
    },
    "timings": {
        "cov_coeffs": 402.1873670570785,
        "solve": 0.0035252959933131933
    },
    "metrics": {
        "train": {
            "energy_MAE": 52.45058278215444,
            "forces_MAE": 27.519555689615498,
            "energy_RMSE": 108.41838877609212,
            "forces_RMSE": 38.319977253601664,
            "forces_cosim": 0.9928681288609664
        },
        "validation": {
            "energy_MAE": 56.07068810483429,
            "forces_MAE": 29.967755635579426,
            "energy_RMSE": 111.70546255875492,
            "forces_RMSE": 52.06690390372868,
            "forces_cosim": 0.9928306291500727
        }
    },
    "hyperparameters": {
        "franken": {
            "path_or_id": "MACE-L0",
            "interaction_block": 2,
            "family": "mace"
        },
        "random_features": {
            "rf_type": "gaussian",
            "num_random_features": 2048,
            "length_scale": 6.0,
            "use_offset": true,
            "rng_seed": 42
        },
        "input_scaler": {
            "scale_by_Z": true
        },
        "solver": {
            "force_weight": 0.5,
            "l2_penalty": 9.999999999999999e-11,
            "dtype": "torch.float64"
        }
    }
}